club_name,club_wikipedia_url,club_country
AFK Hronov,https://en.wikipedia.org/wiki/Yuri_Ahronovitch,
AS Aïn M'lila,https://en.wikipedia.org/wiki/AS_Aïn_M'lila,
ASPIRE,https://en.wikipedia.org/wiki/ASPIRE,
Admira Villach [ de ],https://en.wikipedia.org/wiki/ESV_Admira_Villach?action=edit&redlink=1,
Al-Muheet,https://en.wikipedia.org/wiki/Al-Muheet_SC?action=edit&redlink=1,
Alianza FC,https://en.wikipedia.org/wiki/Alianza_FC,
América,https://en.wikipedia.org/wiki/Club_América,
Atlas,https://en.wikipedia.org/wiki/Atlas_F.C.,
Bargeres,https://en.wikipedia.org/wiki/VV%20Bargeres,
Boin High School [ ko ],https://en.wikipedia.org/wiki/Boin_High_School?action=edit&redlink=1,
Bursa Merinosspor,,
Celaya,https://en.wikipedia.org/wiki/Celaya_F.C.,
Celtix du Haut-Richelieu,https://en.wikipedia.org/wiki/Celtix_du_Haut-Richelieu,
Clarkstown SC,https://en.wikipedia.org/wiki/Clarkstown_SC_Eagles,
Cruz Azul,https://en.wikipedia.org/wiki/Cruz_Azul,
Dorados,https://en.wikipedia.org/wiki/Dorados_de_Sinaloa,
FC Ivančice,,
FC Juárez,https://en.wikipedia.org/wiki/FC_Ju%C3%A1rez,
FC Mělník,,
FC Viparte,,
Fenerspor,,
GAO [ pt ],https://en.wikipedia.org/wiki/Grêmio_Atlético_Osoriense?action=edit&redlink=1,
GOŠK Kaštel Gomilica,,
Guadalajara,https://en.wikipedia.org/wiki/C.D._Guadalajara,
HNK Stolac,,
Hakseong High School [ ko ],https://en.wikipedia.org/wiki/Hakseong_High_School?action=edit&redlink=1,
Hakseong Middle School [ ko ],https://en.wikipedia.org/wiki/Hakseong_Middle_School?action=edit&redlink=1,
Hamamatsu Kaba SSS,,
Hisareynspor,,
JSM Chéraga,https://en.wikipedia.org/wiki/JSM_Chéraga,
Kamoi SC,,
Kumamoto United SC,,
LUV Graz,,
Lakeshore SC,https://en.wikipedia.org/wiki/Lakeshore_SC,
Modrica,https://en.wikipedia.org/wiki/FK_Alfa_Modrica,
Monaco,https://en.wikipedia.org/wiki/AS_Monaco_FC,
Mondial Club,https://en.wikipedia.org/wiki/Monday_Club,
NK Dalmatinac Split,,
NK Sportprevent Bugojno,,
Nishinomiya Soccer School,,
Ohzu High School,,
Once Hermanos,https://en.wikipedia.org/wiki/Once_Hermanos,
Pachuca,https://en.wikipedia.org/wiki/C.F._Pachuca_Reserves_and_Academy,
Pachuca,https://en.wikipedia.org/wiki/C.F._Pachuca,
Paradou AC,https://en.wikipedia.org/wiki/Paradou_AC,
Pumas UNAM,https://en.wikipedia.org/wiki/Pumas_UNAM_(youth),
Querétaro,https://en.wikipedia.org/wiki/Querétaro_F.C.,
RCDE International,https://en.wikipedia.org/wiki/RCTV_International,
Radnik Hadici,https://en.wikipedia.org/wiki/FK_Radnik_Hadici,
Richmond Hill SC,https://en.wikipedia.org/wiki/Richmond_Hill_SC,
Rize İl Özel İdarespor,,
SC Wave,,
SCE Nijmegen [ nl ],https://en.wikipedia.org/wiki/SCE_Nijmegen?action=edit&redlink=1,
SFK Meziboří,,
SR Donaufeld Wien,,
SV Donau,,
Sallern Regensburg,,
Santos Laguna,https://en.wikipedia.org/wiki/Santos_Laguna,
Sarto,https://en.wikipedia.org/wiki/RKSV%20Sarto,
Seacoast United,https://en.wikipedia.org/wiki/Seacoast_United,
Seil Middle School [ ko ],https://en.wikipedia.org/wiki/Seil_Middle_School?action=edit&redlink=1,
Shakhtar Donetsk,https://en.wikipedia.org/wiki/Shakhtar_Donetsk,
Solidarité Scolaire,https://en.wikipedia.org/wiki/Solidarit%C3%A9-Scolaire,
Suwon High School [ ko ],https://en.wikipedia.org/wiki/Suwon_High_School?action=edit&redlink=1,
Tigres UANL,https://en.wikipedia.org/wiki/Tigres_UANL,
Tijuana,https://en.wikipedia.org/wiki/Club_Tijuana,
Toluca,https://en.wikipedia.org/wiki/Deportivo_Toluca_F.C._Reserves_and_Academy,
Trenjevka,https://en.wikipedia.org/wiki/NK_Trenjevka,
VV Union [ nl ],https://en.wikipedia.org/wiki/VV_Union?action=edit&redlink=1,
VVIJ [ nl ],https://en.wikipedia.org/wiki/VVIJ?action=edit&redlink=1,
Viktoria ikov,https://en.wikipedia.org/wiki/FK_Viktoria_ikov,
Yamanspor,,
Yeşil Bursa,,
Yokosuka Seagulls,,
Yonago Kita High School,,
Zrinjski Mostar,https://en.wikipedia.org/wiki/HK_Zrinjski_Mostar,
Zuyo High School,,
eljeznicar,https://en.wikipedia.org/wiki/FK_eljeznicar_Sarajevo,
Çekmeköyspor,,
Abanderado Grandoli,,Argentina
Alianza Sports (seven-a-side),,Argentina
Argentinos Juniors,https://en.wikipedia.org/wiki/Argentinos_Juniors,Argentina
Atlético Calchín,,Argentina
Banfield,https://en.wikipedia.org/wiki/Club_Atlético_Banfield,Argentina
Barrancas,https://en.wikipedia.org/wiki/Barrancas,Argentina
Belgrano,https://en.wikipedia.org/wiki/Club_Atlético_Belgrano,Argentina
Boca Barco,,Argentina
Boca Juniors,https://en.wikipedia.org/wiki/Boca_Juniors,Argentina
CA Boca Juniors,https://en.wikipedia.org/wiki/CA_Boca_Juniors,Argentina
CA River Plate,https://en.wikipedia.org/wiki/CA_River_Plate,Argentina
Club Náutico Fitz Simon,,Argentina
Club Social Parque,,Argentina
Club Urquiza,,Argentina
Independiente,https://en.wikipedia.org/wiki/Club_Atlético_Independiente,Argentina
Liniers,https://en.wikipedia.org/wiki/Liniers_de_Bahía_Blanca,Argentina
Newell's Old Boys,https://en.wikipedia.org/wiki/Newell's_Old_Boys,Argentina
Proyecto Crecer,,Argentina
Racing Club,https://en.wikipedia.org/wiki/Racing_Club_de_Avellaneda,Argentina
River Plate,https://en.wikipedia.org/wiki/Club_Atlético_River_Plate,Argentina
Rosario Central,https://en.wikipedia.org/wiki/Rosario_Central,Argentina
San Lorenzo,https://en.wikipedia.org/wiki/San_Lorenzo_de_Almagro,Argentina
Vélez Sarsfield,https://en.wikipedia.org/wiki/Club_Atlético_Vélez_Sarsfield,Argentina
Adelaide Croatia Raiders,https://en.wikipedia.org/wiki/Adelaide_Croatia_Raiders_SC,Australia
Adelaide United,https://en.wikipedia.org/wiki/Adelaide_United_FC,Australia
Brisbane Athletic,,Australia
Brisbane Roar,https://en.wikipedia.org/wiki/Brisbane_Roar_FC,Australia
Bulleen Lions,https://en.wikipedia.org/wiki/Bulleen_Lions,Australia
Croydon Kings,https://en.wikipedia.org/wiki/Croydon_Kings,Australia
ECU Joondalup,https://en.wikipedia.org/wiki/ECU_Joondalup_SC,Australia
Endeavour United,,Australia
FW NTC,https://en.wikipedia.org/wiki/Football_West_National_Training_Centre,Australia
Glenmore Park FC,,Australia
Green Gully,https://en.wikipedia.org/wiki/Green_Gully,Australia
Kenmore,https://en.wikipedia.org/wiki/University_of_Queensland_FC,Australia
Knox City,https://en.wikipedia.org/wiki/Knox_City_FC,Australia
Melbourne City,https://en.wikipedia.org/wiki/Melbourne_City_FC,Australia
Melbourne City,https://en.wikipedia.org/wiki/Melbourne_City_FC_Youth,Australia
Melbourne Victory,https://en.wikipedia.org/wiki/Melbourne_Victory_FC,Australia
Perth Glory,https://en.wikipedia.org/wiki/Perth_Glory_FC,Australia
Perth SC,https://en.wikipedia.org/wiki/Perth_SC,Australia
Richmond SC,https://en.wikipedia.org/wiki/Richmond_SC,Australia
Ringwood City JSC,https://en.wikipedia.org/wiki/Ringwood_City_SC,Australia
SA NTC,,Australia
Sydney FC,https://en.wikipedia.org/wiki/Sydney_FC,Australia
Wallsend Boys Club,https://en.wikipedia.org/wiki/Wallsend_Boys_Club,Australia
Western Sydney Wanderers,https://en.wikipedia.org/wiki/Western_Sydney_Wanderers_FC,Australia
1. Wiener Neustädter SC,https://en.wikipedia.org/wiki/1._Wiener_Neustädter_SC_(2008),Austria
AKA HIB Liebenau,,Austria
ASK Maxglan,,Austria
ASK Salzburg,,Austria
Admira Wacker,https://en.wikipedia.org/wiki/FC_Admira_Wacker_Mödling,Austria
Austria Klagenfurt,https://en.wikipedia.org/wiki/SK_Austria_Klagenfurt_(2007),Austria
Austria Kärnten,https://en.wikipedia.org/wiki/SK_Austria_Kärnten,Austria
Austria Salzburg,https://en.wikipedia.org/wiki/SV_Austria_Salzburg,Austria
Austria Wien,https://en.wikipedia.org/wiki/FK_Austria_Wien,Austria
DSV Leoben,,Austria
First Vienna FC,https://en.wikipedia.org/wiki/First_Vienna_FC,Austria
Floridsdorfer AC,https://en.wikipedia.org/wiki/Floridsdorfer_AC,Austria
Grazer AK,https://en.wikipedia.org/wiki/Grazer_AK,Austria
Kapfenberger SV,https://en.wikipedia.org/wiki/Kapfenberger_SV,Austria
LASK,https://en.wikipedia.org/wiki/LASK,Austria
Rapid Wien,https://en.wikipedia.org/wiki/SK_Rapid_Wien,Austria
Red Bull Salzburg,https://en.wikipedia.org/wiki/FC_Red_Bull_Salzburg,Austria
Ried,https://en.wikipedia.org/wiki/SV_Ried,Austria
SV Aspern,,Austria
St. Valentin,,Austria
Sturm Graz,https://en.wikipedia.org/wiki/SK_Sturm_Graz,Austria
Sturm Graz,https://en.wikipedia.org/wiki/Sturm_Graz,Austria
Tus Kraubath,,Austria
USC Abersee,,Austria
Union SV Vasoldsberg,,Austria
Wolfsberger AC,https://en.wikipedia.org/wiki/Wolfsberger_AC,Austria
Alliance Melen-Micheroux,,Belgium
Anderlecht,https://en.wikipedia.org/wiki/RSC_Anderlecht,Belgium
Anderlecht,https://en.wikipedia.org/wiki/R.S.C._Anderlecht,Belgium
Beerschot,https://en.wikipedia.org/wiki/Beerschot_AC,Belgium
Beerschot,https://en.wikipedia.org/wiki/K_Beerschot_VA,Belgium
Bilzen V.V.,,Belgium
Bocholter VV,https://en.wikipedia.org/wiki/K._Bocholter_V.V.,Belgium
Club Brugge,https://en.wikipedia.org/wiki/Club_Brugge_KV,Belgium
Eupen,https://en.wikipedia.org/wiki/KAS_Eupen,Belgium
FC De Prey,,Belgium
Genk,https://en.wikipedia.org/wiki/KRC_Genk,Belgium
Genk,https://en.wikipedia.org/wiki/K.R.C._Genk,Belgium
Gent,https://en.wikipedia.org/wiki/KAA_Gent,Belgium
KFC Wintam,,Belgium
KV Mechelen,https://en.wikipedia.org/wiki/KV_Mechelen,Belgium
KVC Olympic Deurne,,Belgium
KVV Drongen,,Belgium
Lierse,https://en.wikipedia.org/wiki/Lierse_S.K._(1906),Belgium
Lommel United,https://en.wikipedia.org/wiki/Lommel_SK,Belgium
Lorrain Arlon,,Belgium
Mechelen,https://en.wikipedia.org/wiki/K.V._Mechelen,Belgium
Mouscron,https://en.wikipedia.org/wiki/R.E._Mouscron,Belgium
Patro Eisden,https://en.wikipedia.org/wiki/K._Patro_Eisden_Maasmechelen,Belgium
RUS Givry,,Belgium
RUS Saint-Ode,,Belgium
Rupel Boom,https://en.wikipedia.org/wiki/K._Rupel_Boom_F.C.,Belgium
Seraing,https://en.wikipedia.org/wiki/Royal_Football_Club_Seraing,Belgium
Sint-Truiden,https://en.wikipedia.org/wiki/Sint-Truidense_V.V.,Belgium
Standard Liège,https://en.wikipedia.org/wiki/Standard_Liège,Belgium
Tubantia Borgerhout,https://en.wikipedia.org/wiki/Tubantia_Borgerhout,Belgium
V. Beersel-Drogenbos,,Belgium
Virton,https://en.wikipedia.org/wiki/Royal_Excelsior_Virton,Belgium
Zulte Waregem,https://en.wikipedia.org/wiki/S.V._Zulte_Waregem,Belgium
Zulte Waregem,https://en.wikipedia.org/wiki/SV_Zulte_Waregem,Belgium
Cypriot club Pafos,,Bosnia and Herzegovina
Iskra Bugojno,https://en.wikipedia.org/wiki/NK_Iskra_Bugojno,Bosnia and Herzegovina
Modriča,https://en.wikipedia.org/wiki/FK_Alfa_Modriča,Bosnia and Herzegovina
Radnik Hadžići,https://en.wikipedia.org/wiki/FK_Radnik_Hadžići,Bosnia and Herzegovina
Vitez,https://en.wikipedia.org/wiki/NK_Vitez,Bosnia and Herzegovina
Zrinjski Mostar,https://en.wikipedia.org/wiki/HŠK_Zrinjski_Mostar,Bosnia and Herzegovina
Željezničar,https://en.wikipedia.org/wiki/FK_Željezničar_Sarajevo,Bosnia and Herzegovina
América Mineiro,https://en.wikipedia.org/wiki/América_Futebol_Clube_(MG),Brazil
Audax Rio,https://en.wikipedia.org/wiki/Audax_Rio_de_Janeiro_Esporte_Clube,Brazil
Audax Rio de Janeiro EC,,Brazil
Avaí,https://en.wikipedia.org/wiki/Avaí_FC,Brazil
Corinthians,https://en.wikipedia.org/wiki/Sport_Club_Corinthians_Paulista,Brazil
Corinthians,https://en.wikipedia.org/wiki/SC_Corinthians_Paulista_(youth),Brazil
Coritiba FC,,Brazil
Flamengo,https://en.wikipedia.org/wiki/CR_Flamengo,Brazil
Internacional,https://en.wikipedia.org/wiki/SC_Internacional,Brazil
Ituano,https://en.wikipedia.org/wiki/Ituano_FC,Brazil
Náutico,https://en.wikipedia.org/wiki/Clube_Náutico_Capibaribe,Brazil
Olé Brasil,https://en.wikipedia.org/wiki/Olé_Brasil_Futebol_Clube,Brazil
Palmeiras FC,,Brazil
Pérolas Negras,https://en.wikipedia.org/wiki/Pérolas_Negras,Brazil
São Paulo FC,https://en.wikipedia.org/wiki/S%C3%A3o_Paulo_FC,Brazil
Tupynambás,https://en.wikipedia.org/wiki/Tupynambás_Futebol_Clube,Brazil
Vasco da Gama,https://en.wikipedia.org/wiki/CR_Vasco_da_Gama,Brazil
Verê,,Brazil
AS Champs-sur-Marne,,Cabo Verde
Batuque FC,https://en.wikipedia.org/wiki/Batuque_FC,Cabo Verde
CR Foot,,Cabo Verde
Damaiense,,Cabo Verde
Grémio Nhagar,https://en.wikipedia.org/wiki/Grémio_Nhagar,Cabo Verde
Linda-a-Velha,,Cabo Verde
Lourdes Celtic,,Cabo Verde
RV&AV Sparta Rotterdam,,Cabo Verde
Tchadense,,Cabo Verde
UA Povoense,,Cabo Verde
local club Batuque,,Cabo Verde
AS Efokan,,Cameroon
ANB Futbol,https://en.wikipedia.org/wiki/ANB_Futbol,Canada
AS Notre-Dame-de-Grâce,,Canada
Aurora Youth SC,https://en.wikipedia.org/wiki/Aurora_FC_(Canada),Canada
Brampton YSC,,Canada
CS Longueuil,https://en.wikipedia.org/wiki/CS_Longueuil,Canada
CS St-Laurent,https://en.wikipedia.org/wiki/CS_St-Laurent,Canada
Erin Mills SC,,Canada
Gloucester Dragons,,Canada
Leamington MS,,Canada
Mississauga Falcons,,Canada
Montreal Impact,https://en.wikipedia.org/wiki/Montreal_Impact_Academy,Canada
Mountain United FC,,Canada
North Toronto Nitros,https://en.wikipedia.org/wiki/North_Toronto_Nitros,Canada
Ottawa Gloucester Hornets,,Canada
Ottawa Internationals,,Canada
Sigma,https://en.wikipedia.org/wiki/Sigma_FC,Canada
Sigma FC,https://en.wikipedia.org/wiki/Sigma_FC,Canada
Spartacus SC,,Canada
Unionville Milliken SC,https://en.wikipedia.org/wiki/Unionville_Milliken_SC,Canada
Vancouver Whitecaps FC,https://en.wikipedia.org/wiki/Vancouver_Whitecaps_FC,Canada
Academia,https://en.wikipedia.org/wiki/Academia_F.C.,Colombia
Academia Tolimense de Fútbol,,Colombia
América de Cali,https://en.wikipedia.org/wiki/América_de_Cali,Colombia
Arco Zaragoza Medellin,,Colombia
Atlético Junior,https://en.wikipedia.org/wiki/Atlético_Junior,Colombia
Atlético Nacional,https://en.wikipedia.org/wiki/Atl%C3%A9tico_Nacional,Colombia
Caribe Junior,,Colombia
Cosmos Soccer School,,Colombia
Deportivo Cali,https://en.wikipedia.org/wiki/Deportivo_Cali,Colombia
Envigado,https://en.wikipedia.org/wiki/Envigado_F.C.,Colombia
Independiente Santa Fe,https://en.wikipedia.org/wiki/Independiente_Santa_Fe,Colombia
La Equidad,https://en.wikipedia.org/wiki/La_Equidad,Colombia
Leones,https://en.wikipedia.org/wiki/Leones_F.C._(Colombia),Colombia
Ligue 2 club Toulouse,,Colombia
Talentos Gustavo Victoria,,Colombia
Águilas Doradas,https://en.wikipedia.org/wiki/Águilas_Doradas,Colombia
Dinamo Zagreb,https://en.wikipedia.org/wiki/Dinamo_Zagreb,Croatia
Dinamo Zagreb,https://en.wikipedia.org/wiki/GNK_Dinamo_Zagreb,Croatia
Dinamo Zagreb,https://en.wikipedia.org/wiki/GNK_Dinamo_Zagreb_Academy,Croatia
GOK Katel Gomilica,,Croatia
Hajduk Split,https://en.wikipedia.org/wiki/HNK_Hajduk_Split,Croatia
Hajduk Split,https://en.wikipedia.org/wiki/HNK_Hajduk_Split_Reserves_and_Academy,Croatia
Hrvatski Dragovoljac,https://en.wikipedia.org/wiki/NK_Hrvatski_Dragovoljac,Croatia
NK Zadar,https://en.wikipedia.org/wiki/NK_Zadar,Croatia
NK Zagreb,https://en.wikipedia.org/wiki/NK_Zagreb,Croatia
Neretva,https://en.wikipedia.org/wiki/NK_Neretva,Croatia
Omladinac Vranjic,https://en.wikipedia.org/wiki/NK_Omladinac_Vranjic,Croatia
RNK Split,https://en.wikipedia.org/wiki/RNK_Split,Croatia
Radnik Velika Gorica,https://en.wikipedia.org/wiki/NK_Radnik_Velika_Gorica,Croatia
Sydney United,https://en.wikipedia.org/wiki/Sydney_United_58_FC,Croatia
Trešnjevka,https://en.wikipedia.org/wiki/NK_Trešnjevka,Croatia
Zadar,https://en.wikipedia.org/wiki/NK_Zadar,Croatia
Atlétiko Saliña,,Curaçao
1. FC Slovácko,https://en.wikipedia.org/wiki/1._FC_Slovácko,Czechia
Baník Ostrava,https://en.wikipedia.org/wiki/FC_Baník_Ostrava,Czechia
Dukla Prague,https://en.wikipedia.org/wiki/FK_Dukla_Prague,Czechia
FC Baník Ostrava,https://en.wikipedia.org/wiki/FC_Ban%C3%ADk_Ostrava,Czechia
FC Ivancice,,Czechia
FC Melník,,Czechia
Hradec Králové,https://en.wikipedia.org/wiki/FC_Hradec_Králové,Czechia
Klatovy,https://en.wikipedia.org/wiki/SK_Klatovy_1898,Czechia
Meteor Prague,https://en.wikipedia.org/wiki/FK_Meteor_Prague_VIII,Czechia
SC Xaverov,https://en.wikipedia.org/wiki/SC_Xaverov,Czechia
SFK Meziborí,,Czechia
SK Smíchov Plzen,,Czechia
Slavia Prague,https://en.wikipedia.org/wiki/SK_Slavia_Prague,Czechia
Slovan Rosice,https://en.wikipedia.org/wiki/FC_Slovan_Rosice,Czechia
Sparta Prague,https://en.wikipedia.org/wiki/AC_Sparta_Prague,Czechia
TJ Ludgerovice,,Czechia
Teplice,https://en.wikipedia.org/wiki/FK_Teplice,Czechia
Viktoria Plzen,https://en.wikipedia.org/wiki/FC_Viktoria_Plzen,Czechia
Viktoria Plzeň,https://en.wikipedia.org/wiki/FC_Viktoria_Plzeň,Czechia
Viktoria Žižkov,https://en.wikipedia.org/wiki/FK_Viktoria_Žižkov,Czechia
Zbrojovka Brno,https://en.wikipedia.org/wiki/FC_Zbrojovka_Brno,Czechia
AS Denguélé,https://en.wikipedia.org/wiki/AS_Denguélé,Côte d'Ivoire
ASEC Mimosas,https://en.wikipedia.org/wiki/ASEC_Mimosas,Côte d'Ivoire
Denguélé,https://en.wikipedia.org/wiki/AS_Denguélé,Côte d'Ivoire
OS Abobo,,Côte d'Ivoire
San Pédro,https://en.wikipedia.org/wiki/FC_San_Pédro,Côte d'Ivoire
Stella Club,https://en.wikipedia.org/wiki/Stella_Club_d'Adjamé,Côte d'Ivoire
Tout Puissant Koumassi,,Côte d'Ivoire
E.S. La Grace,,DR Congo
MK Etanchéité,https://en.wikipedia.org/wiki/FC_MK_Etanchéité,DR Congo
Mputu,,DR Congo
AB,https://en.wikipedia.org/wiki/Akademisk_Boldklub,Denmark
AGF,https://en.wikipedia.org/wiki/Aarhus_Gymnastikforening,Denmark
AMCH Ringe,,Denmark
B.93,https://en.wikipedia.org/wiki/Boldklubben_af_1893,Denmark
Brøndby,https://en.wikipedia.org/wiki/Brøndby_IF,Denmark
Brøndby IF,https://en.wikipedia.org/wiki/Brøndby_IF,Denmark
FA 2000,https://en.wikipedia.org/wiki/FA_2000,Denmark
Herfølge,https://en.wikipedia.org/wiki/Herfølge_Boldklub,Denmark
KB,https://en.wikipedia.org/wiki/Kjøbenhavns_Boldklub,Denmark
Lyngby,https://en.wikipedia.org/wiki/Lyngby_Boldklub,Denmark
Nordsjælland,https://en.wikipedia.org/wiki/FC_Nordsjælland,Denmark
Skovbakken,https://en.wikipedia.org/wiki/IK_Skovbakken,Denmark
Barcelona Esmeraldas,https://en.wikipedia.org/wiki/Barcelona_S.C.,Ecuador
C.S. Norte América,https://en.wikipedia.org/wiki/C.S._Norte_América,Ecuador
Colorados Jaipadida,,Ecuador
Deportivo Azogues,https://en.wikipedia.org/wiki/Deportivo_Azogues,Ecuador
Emelec Esmeraldas,,Ecuador
Huracán de Quinindé,,Ecuador
Independiente del Valle,https://en.wikipedia.org/wiki/C.S.D._Independiente_del_Valle,Ecuador
Independiente del Valle,https://en.wikipedia.org/wiki/Independiente_del_Valle,Ecuador
LDU Quito,https://en.wikipedia.org/wiki/L.D.U._Quito,Ecuador
LDU Quito,https://en.wikipedia.org/wiki/LDU_Quito,Ecuador
Norte América,https://en.wikipedia.org/wiki/C.S._Norte_América,Ecuador
Venecia,,Ecuador
Al Ahly,https://en.wikipedia.org/wiki/Al_Ahly_SC,Egypt
Al Ittihad Alexandria,https://en.wikipedia.org/wiki/Al_Ittihad_Alexandria_Club,Egypt
Al-Mokawloon,https://en.wikipedia.org/wiki/Al_Mokawloon_Al_Arab_SC,Egypt
Ala'ab Damanhour,https://en.wikipedia.org/wiki/Ala'ab_Damanhour_SC,Egypt
Ghazl El Mahalla,https://en.wikipedia.org/wiki/Ghazl_El_Mahalla_SC,Egypt
Gomhoriat Shebin,https://en.wikipedia.org/wiki/Gomhoriat_Shebin_SC,Egypt
Ismaily,https://en.wikipedia.org/wiki/Ismaily_SC,Egypt
Ittihad Basyoun,,Egypt
Mansoura,https://en.wikipedia.org/wiki/El_Mansoura_SC,Egypt
Nogoom,https://en.wikipedia.org/wiki/Nogoom_FC,Egypt
Othmason Tanta,,Egypt
Wadi Degla,https://en.wikipedia.org/wiki/Wadi_Degla_SC,Egypt
Zamalek,https://en.wikipedia.org/wiki/Zamalek_SC,Egypt
Arsenal,https://en.wikipedia.org/wiki/Arsenal_F.C._Under-21s_and_Academy,England
Arsenal,https://en.wikipedia.org/wiki/Arsenal_F.C,England
Arsenal,https://en.wikipedia.org/wiki/Arsenal_F.C._Under-23s_and_Academy,England
BHFC Battersea,,England
Barnsley FC,,England
Birmingham City,https://en.wikipedia.org/wiki/Birmingham_City_F.C._Reserves_and_Academy,England
Brackley Town,https://en.wikipedia.org/wiki/Brackley_Town_F.C.,England
Bristol City,https://en.wikipedia.org/wiki/Bristol_City_F.C.,England
Burnley,https://en.wikipedia.org/wiki/Burnley_F.C.,England
Charlton Athletic,https://en.wikipedia.org/wiki/Charlton_Athletic_F.C.,England
Chelsea,https://en.wikipedia.org/wiki/Chelsea_F.C._Development_Squad_and_Academy,England
Chelsea,https://en.wikipedia.org/wiki/Chelsea_F.C.,England
Chelsea,https://en.wikipedia.org/wiki/Chelsea_F.C._Under-23s_and_Academy,England
Coventry City,https://en.wikipedia.org/wiki/Coventry_City_F.C.,England
Cray Wanderers,https://en.wikipedia.org/wiki/Cray_Wanderers_F.C.,England
Crewe Alexandra,https://en.wikipedia.org/wiki/Crewe_Alexandra_F.C.,England
Crystal Palace,https://en.wikipedia.org/wiki/Crystal_Palace_F.C._Under-21s_and_Academy,England
Crystal Palace,https://en.wikipedia.org/wiki/Crystal_Palace_F.C._Under-23s_and_Academy,England
Everton,https://en.wikipedia.org/wiki/Everton_F.C._Reserves_and_Academy,England
Everton,https://en.wikipedia.org/wiki/Everton_F.C.,England
Fletcher Moss Rangers,https://en.wikipedia.org/wiki/Fletcher_Moss_Rangers_F.C.,England
Fulham,https://en.wikipedia.org/wiki/Fulham_F.C._Academy,England
Fulham,https://en.wikipedia.org/wiki/Fulham_F.C.,England
Hattersley,,England
Hayes & Yeading United,https://en.wikipedia.org/wiki/Hayes_&_Yeading_United_F.C.,England
Highfield Rangers,https://en.wikipedia.org/wiki/Highfield_Rangers_F.C.,England
Liverpool,https://en.wikipedia.org/wiki/Liverpool_F.C._Reserves_and_Academy,England
Liverpool,https://en.wikipedia.org/wiki/Liverpool_F.C.,England
Manchester City,https://en.wikipedia.org/wiki/Manchester_City_F.C._Under-21s_and_Academy,England
Manchester City,https://en.wikipedia.org/wiki/Manchester_City_F.C._EDS_and_Academy,England
Manchester City,https://en.wikipedia.org/wiki/Manchester_City_F.C.,England
Manchester United,https://en.wikipedia.org/wiki/Manchester_United_F.C._Under-21s_and_Academy,England
Manchester United,https://en.wikipedia.org/wiki/Manchester_United_F.C._Reserves_and_Academy,England
Milton Keynes Dons,https://en.wikipedia.org/wiki/Milton_Keynes_Dons_F.C.,England
Newcastle United,https://en.wikipedia.org/wiki/Newcastle_United_F.C._Reserves_and_Academy,England
Oadby Town,https://en.wikipedia.org/wiki/Oadby_Town_F.C.,England
Penistone Church,https://en.wikipedia.org/wiki/Penistone_Church_F.C.,England
Peterborough United,https://en.wikipedia.org/wiki/Peterborough_United_F.C.,England
Portlethen Sports Club,,England
Reading,https://en.wikipedia.org/wiki/Reading_F.C._Under-23s_and_Academy,England
Ridgeway Rovers,,England
SGS College,https://en.wikipedia.org/wiki/SGS_College,England
Senrab,https://en.wikipedia.org/wiki/Senrab_F.C.,England
Southampton,https://en.wikipedia.org/wiki/Southampton_F.C._B_team_and_Academy,England
Southampton,https://en.wikipedia.org/wiki/Southampton_F.C._Under-21s_and_Academy,England
St Andrews,https://en.wikipedia.org/wiki/St_Andrews_F.C._(England),England
Stourbridge Juniors,https://en.wikipedia.org/wiki/Stourbridge_F.C.,England
Sunderland,https://en.wikipedia.org/wiki/Sunderland_A.F.C._Reserves_and_Academy,England
Swansea City,https://en.wikipedia.org/wiki/Swansea_City_A.F.C._Under-23s,England
Tottenham Hotspur,https://en.wikipedia.org/wiki/Tottenham_Hotspur_F.C._Reserves_and_Academy,England
Tottenham Hotspur,https://en.wikipedia.org/wiki/Tottenham_Hotspur_F.C._Under-23s_and_Academy,England
Tranmere Rovers,https://en.wikipedia.org/wiki/Tranmere_Rovers_F.C.,England
Watford,https://en.wikipedia.org/wiki/Watford_F.C._Under-21s_and_Academy,England
West Bromwich Albion,https://en.wikipedia.org/wiki/West_Bromwich_Albion_F.C._Reserves_and_Academy,England
West Ham United,https://en.wikipedia.org/wiki/West_Ham_United_F.C._Under-21s_and_Academy,England
Wigan Athletic,https://en.wikipedia.org/wiki/Wigan_Athletic_F.C.,England
AAS Sarcelles,,France
AC Villeurbanne,,France
AFC Creil,,France
AJS Wazemmes,,France
AS Atlas Paillade,,France
AS Bondy,https://en.wikipedia.org/wiki/AS_Bondy,France
AS Bron,,France
AS Buers Villeurbanne,,France
AS Montferrand,https://en.wikipedia.org/wiki/AS_Montferrand,France
AS Val de Fontenay,,France
ASF Le Perreux 94,,France
Alfortville,,France
Angers,https://en.wikipedia.org/wiki/Angers_SCO,France
Arcueil COM,https://en.wikipedia.org/wiki/Arcueil-Cachan_(Paris_RER),France
Balma SC,https://en.wikipedia.org/wiki/Balma_SC,France
Bayonne,https://en.wikipedia.org/wiki/Aviron_Bayonnais_FC,France
Bondy,https://en.wikipedia.org/wiki/AS_Bondy,France
Bordeaux,https://en.wikipedia.org/wiki/FC_Girondins_de_Bordeaux,France
Boulogne,https://en.wikipedia.org/wiki/US_Boulogne,France
Boulogne-Billancourt,https://en.wikipedia.org/wiki/AC_Boulogne-Billancourt,France
Boulogne-Billancourt,https://en.wikipedia.org/wiki/Athletic_Club_de_Boulogne-Billancourt,France
Bourgoin-Jallieu,https://en.wikipedia.org/wiki/FC_Bourgoin-Jallieu,France
Caen,https://en.wikipedia.org/wiki/Stade_Malherbe_Caen,France
Cannes,https://en.wikipedia.org/wiki/AS_Cannes,France
Chambray,,France
Champagne 95,,France
Châteauroux,https://en.wikipedia.org/wiki/LB_Châteauroux,France
Creteil,https://en.wikipedia.org/wiki/US_Créteil-Lusitanos,France
Crépy-en-Valois,,France
Créteil,https://en.wikipedia.org/wiki/US_Créteil-Lusitanos,France
Cérons,,France
Dunkerque,https://en.wikipedia.org/wiki/USL_Dunkerque,France
Espérance Paris 19ème,,France
FC Montfermeil,,France
FC Mulhouse,https://en.wikipedia.org/wiki/FC_Mulhouse,France
FC Solitaires Paris Est,,France
FCTLF,,France
Fleury,https://en.wikipedia.org/wiki/FC_Fleury_91_(men),France
Fraternelle Landiras,,France
Isle d'Abeau FC,,France
Ivry,https://en.wikipedia.org/wiki/US_Ivry,France
JMG Academy,https://en.wikipedia.org/wiki/JMG_Academy,France
La Brède,,France
La Rochelle Villeneuve,,France
Le Havre,https://en.wikipedia.org/wiki/Le_Havre_AC,France
Le Havre AC,https://en.wikipedia.org/wiki/Le_Havre_AC,France
Le Mans,https://en.wikipedia.org/wiki/Le_Mans_FC,France
Lens,https://en.wikipedia.org/wiki/RC_Lens,France
Les Lilas,https://en.wikipedia.org/wiki/FC_Les_Lilas,France
Lille,https://en.wikipedia.org/wiki/Lille_OSC,France
Lille OM.S. Fives,,France
Limeyrat,,France
Linas-Montlhéry,https://en.wikipedia.org/wiki/ESA_Linas-Montlhéry,France
Lorient,https://en.wikipedia.org/wiki/FC_Lorient,France
Lusitanos Saint-Maur,https://en.wikipedia.org/wiki/US_Lusitanos_Saint-Maur,France
Lyon,https://en.wikipedia.org/wiki/Olympique_Lyonnais_Reserves_and_Academy,France
Lyon,https://en.wikipedia.org/wiki/FC_Lyon,France
Lyon Duchère,https://en.wikipedia.org/wiki/AS_Lyon_Duchère,France
Maccabi Paris,https://en.wikipedia.org/wiki/UJA_Maccabi_Paris_Métropole,France
Madeleine Évreux,,France
Mareuil-sur-Ourcq,,France
Marseille,https://en.wikipedia.org/wiki/Olympique_de_Marseille,France
Metz,https://en.wikipedia.org/wiki/FC_Metz,France
Meudon AS,,France
Montfermeil,,France
Montignacoise,,France
Montpellier,https://en.wikipedia.org/wiki/Montpellier_HSC,France
Montrouge FC 92,,France
Mulhouse,https://en.wikipedia.org/wiki/FC_Mulhouse,France
Nancy,https://en.wikipedia.org/wiki/AS_Nancy-Lorraine,France
Paris,https://en.wikipedia.org/wiki/Paris_FC,France
Paris FC,https://en.wikipedia.org/wiki/Paris_FC,France
Paris Saint-Germain,https://en.wikipedia.org/wiki/Paris_Saint-Germain_F.C.,France
Paris Saint-Germain,https://en.wikipedia.org/wiki/Paris_Saint-Germain_FC_Youth_Academy,France
Paris Saint-Germain,https://en.wikipedia.org/wiki/Paris_Saint-Germain_FC,France
Paris Saint-Germain,https://en.wikipedia.org/wiki/Paris_Saint-Germain_Academy,France
Pau,https://en.wikipedia.org/wiki/Pau_FC,France
Périgny,,France
Pôle Espoirs Castelmaurou,,France
RC Strasbourg,https://en.wikipedia.org/wiki/RC_Strasbourg_Alsace,France
Red Star,https://en.wikipedia.org/wiki/Red_Star_F.C.,France
Reims,https://en.wikipedia.org/wiki/Stade_de_Reims,France
Rennes,https://en.wikipedia.org/wiki/Stade_Rennais_F.C.,France
Rennes,https://en.wikipedia.org/wiki/Stade_Rennais_FC,France
SJ D'Artigues,,France
SK Touim,https://en.wikipedia.org/wiki/Mounir_Satouri,France
SU Agen,https://en.wikipedia.org/wiki/SU_Agen_Football,France
Saint-Dié,https://en.wikipedia.org/wiki/SR_Saint-Dié,France
Saint-Étienne,https://en.wikipedia.org/wiki/AS_Saint-Étienne,France
Sochaux,https://en.wikipedia.org/wiki/FC_Sochaux-Montbéliard,France
Solitaire Paris Est,,France
Stade Poitevin FC,,France
Strasbourg,https://en.wikipedia.org/wiki/RC_Strasbourg_Alsace,France
Torcy,https://en.wikipedia.org/wiki/US_Torcy,France
Toulouse,https://en.wikipedia.org/wiki/Toulouse_FC,France
Toulouse FC,https://en.wikipedia.org/wiki/Toulouse_FC,France
Tours,https://en.wikipedia.org/wiki/Tours_FC,France
Trélissac,https://en.wikipedia.org/wiki/Trélissac_FC,France
US Ris-Orangis,,France
US Torcy,https://en.wikipedia.org/wiki/US_Torcy,France
Vaillante S. Angers,,France
Valenciennes,https://en.wikipedia.org/wiki/Valenciennes_FC,France
Versailles,https://en.wikipedia.org/wiki/FC_Versailles_78,France
Villeneuve-la-Garenne,,France
Villeneuvois,,France
Villiers le Bel JS,,France
Wasquehal,https://en.wikipedia.org/wiki/ES_Wasquehal,France
Épinay-sous-Sénart,,France
Évreux,https://en.wikipedia.org/wiki/Évreux_FC_27,France
1. FC Köln,https://en.wikipedia.org/wiki/1._FC_Köln,Germany
1. FC Nürnberg,https://en.wikipedia.org/wiki/1._FC_Nürnberg,Germany
1. Köln,https://en.wikipedia.org/wiki/1._FC_Köln,Germany
1860 Munich,https://en.wikipedia.org/wiki/TSV_1860_Munich,Germany
Alemannia Aachen,https://en.wikipedia.org/wiki/Alemannia_Aachen,Germany
Alemannia Mariadorf,,Germany
Altona 93,https://en.wikipedia.org/wiki/Altonaer_FC_von_1893,Germany
Arminia Hannover,https://en.wikipedia.org/wiki/SV_Arminia_Hannover,Germany
Bayer Leverkusen,https://en.wikipedia.org/wiki/Bayer_04_Leverkusen,Germany
Bayern Munich,https://en.wikipedia.org/wiki/Bayern_Munich_Junior_Team,Germany
Bayern Munich,https://en.wikipedia.org/wiki/FC_Bayern_Munich_Junior_Team,Germany
Borussia Dortmund,https://en.wikipedia.org/wiki/Borussia_Dortmund_Youth_Sector,Germany
Brinkumer SV,https://en.wikipedia.org/wiki/Brinkumer_SV,Germany
Buxtehuder SV,https://en.wikipedia.org/wiki/Buxtehuder_SV,Germany
FC Augsburg,https://en.wikipedia.org/wiki/FC_Augsburg,Germany
FC Ingolstadt 04,https://en.wikipedia.org/wiki/FC_Ingolstadt_04,Germany
FV Ravensburg,https://en.wikipedia.org/wiki/FV_Ravensburg,Germany
Greuther Fürth,https://en.wikipedia.org/wiki/SpVgg_Greuther_Fürth,Germany
Hamburger SV,https://en.wikipedia.org/wiki/Hamburger_SV,Germany
Hertha BSC,https://en.wikipedia.org/wiki/Hertha_BSC,Germany
Hertha Zehlendorf,https://en.wikipedia.org/wiki/Hertha_Zehlendorf,Germany
Jahn Regensburg,https://en.wikipedia.org/wiki/SSV_Jahn_Regensburg,Germany
Karlsruher II,https://en.wikipedia.org/wiki/Karlsruher_SC_II,Germany
Karlsruher SC,https://en.wikipedia.org/wiki/Karlsruher_SC,Germany
Köln,https://en.wikipedia.org/wiki/K%C3%B6ln,Germany
Neuköllner Sportfreunde 1907,,Germany
RB Leipzig,https://en.wikipedia.org/wiki/RB_Leipzig_affiliated_teams#Youth_academy,Germany
Reinickendorfer Füchse,https://en.wikipedia.org/wiki/Reinickendorfer_Füchse,Germany
SC Concordia,https://en.wikipedia.org/wiki/SC_Concordia_von_1907,Germany
SC Fürstenfeldbruck,https://en.wikipedia.org/wiki/SC_Fürstenfeldbruck,Germany
SC West Köln,https://en.wikipedia.org/wiki/VfL_Köln_99,Germany
SG Wattenscheid 09,https://en.wikipedia.org/wiki/SG_Wattenscheid_09,Germany
SG Weinstadt,,Germany
SV Grün-Weiß Brauweiler,,Germany
SV Tasmania Berlin,https://en.wikipedia.org/wiki/SV_Tasmania_Berlin,Germany
Schalke 04,https://en.wikipedia.org/wiki/FC_Schalke_04,Germany
Stuttgarter Kickers,https://en.wikipedia.org/wiki/Stuttgarter_Kickers,Germany
TSG Hoffenheim,https://en.wikipedia.org/wiki/TSG_1899_Hoffenheim,Germany
TSV Lehnerz,https://en.wikipedia.org/wiki/TSV_Lehnerz,Germany
Tuspo Nürnberg,,Germany
VfB Bösingen,,Germany
VfB Sperber Neukölln,,Germany
VfB Stuttgart,https://en.wikipedia.org/wiki/VfB_Stuttgart,Germany
VfL Wolfsburg,https://en.wikipedia.org/wiki/VfL_Wolfsburg,Germany
VfR Aalen,https://en.wikipedia.org/wiki/VfR_Aalen,Germany
Waldhof Mannheim,https://en.wikipedia.org/wiki/SV_Waldhof_Mannheim,Germany
Yavuz Selimspor,,Germany
Cheetah FC,https://en.wikipedia.org/wiki/Cheetah_FC,Ghana
Feyenoord,https://en.wikipedia.org/wiki/Feyenoord_Academy_(Varkenoord),Ghana
Great Olympics,https://en.wikipedia.org/wiki/Accra_Great_Olympics_F.C.,Ghana
Odometah,,Ghana
Red Bull Ghana,https://en.wikipedia.org/wiki/Red_Bull_Ghana,Ghana
Right to Dream,https://en.wikipedia.org/wiki/Right_to_Dream_Academy,Ghana
Techiman Liberty FC,,Ghana
Teshie Football Academy,,Ghana
AF Epinay,,Haiti
Cercle Paul Bert Bréquigny,,Haiti
Kalonji Soccer Academy,,Haiti
Le Rheu,,Haiti
Stade Rennais FC,,Haiti
Villetaneuse CS,,Haiti
Bargh Bushehr,,Iran
Damash Tehran,https://en.wikipedia.org/wiki/Damash_Tehran,Iran
Foolad,https://en.wikipedia.org/wiki/Foolad_F.C.,Iran
Havadar,https://en.wikipedia.org/wiki/Havadar_S.C.,Iran
Iranjavan,https://en.wikipedia.org/wiki/F.C._Iranjavan_Bushehr,Iran
Malavan,https://en.wikipedia.org/wiki/Malavan,Iran
Naft Ahvaz,https://en.wikipedia.org/wiki/Naft_Ahvaz_F.C.,Iran
Naft Tehran,https://en.wikipedia.org/wiki/Naft_Tehran,Iran
Padideh,https://en.wikipedia.org/wiki/Padideh_Khorasan_FC,Iran
Persepolis,https://en.wikipedia.org/wiki/Persepolis_F.C._Academy,Iran
Persepolis,https://en.wikipedia.org/wiki/Persepolis_F.C.,Iran
Sepahan,https://en.wikipedia.org/wiki/Sepahan_Novin_F.C.,Iran
Shahin Bushehr,https://en.wikipedia.org/wiki/Shahin_Bushehr_F.C.,Iran
Shahrdari Amirkola,,Iran
Shahrdari Bandar Anzali,https://en.wikipedia.org/wiki/Shahrdari_Bandar_Anzali_F.C.,Iran
Shahrdari Sari,,Iran
Sorkhpooshan,https://en.wikipedia.org/wiki/Sorkhpooshan_Delvar_Afzar_F.C.,Iran
Vahdat,,Iran
Al-Alam,https://en.wikipedia.org/wiki/Al-Alam_SC,Iraq
Al-Iskan,https://en.wikipedia.org/wiki/Al-Iskan_SC,Iraq
Al-Naft,https://en.wikipedia.org/wiki/Al-Naft_SC,Iraq
Al-Najaf,https://en.wikipedia.org/wiki/Al-Najaf_SC,Iraq
Al-Taji,https://en.wikipedia.org/wiki/Al-Taji_SC,Iraq
Erbil,https://en.wikipedia.org/wiki/Erbil_SC,Iraq
Ghaz Al-Shamal,https://en.wikipedia.org/wiki/Ghaz_Al-Shamal_SC,Iraq
Karbala,https://en.wikipedia.org/wiki/Karbalaa_FC,Iraq
Sale United,,Iraq
Tuz,https://en.wikipedia.org/wiki/Tuz_SC,Iraq
Atalanta,https://en.wikipedia.org/wiki/Atalanta_B.C._Youth_Sector,Italy
AS Laranja Toyokawa,https://en.wikipedia.org/wiki/AS_Laranja_Kyoto,Japan
Avispa Fukuoka,https://en.wikipedia.org/wiki/Avispa_Fukuoka,Japan
Cerezo Osaka,https://en.wikipedia.org/wiki/Cerezo_Osaka,Japan
FC Tokyo,https://en.wikipedia.org/wiki/FC_Tokyo,Japan
Gamba Osaka,https://en.wikipedia.org/wiki/Gamba_Osaka,Japan
Higashiyama High School,,Japan
Júbilo Iwata,https://en.wikipedia.org/wiki/Júbilo_Iwata,Japan
Kashima Gakuen High School,,Japan
Kawakami FC,,Japan
Kawasaki Frontale,https://en.wikipedia.org/wiki/Kawasaki_Frontale,Japan
Kids FC,,Japan
Mitsubishi Yowa,https://en.wikipedia.org/wiki/Mitsubishi_Yowa,Japan
Nagoya Grampus,https://en.wikipedia.org/wiki/Nagoya_Grampus,Japan
Nakaizuo JSC,,Japan
Obukuro FC,,Japan
Saginuma SC,,Japan
Sanchiku Kickers,,Japan
Taishi JSC,,Japan
Urawa Red Diamonds,https://en.wikipedia.org/wiki/Urawa_Red_Diamonds,Japan
Yamanashi Gakuin Univ. High School,,Japan
Yamanashi Gakuin University High School,,Japan
Yurigaoka Junior SC,,Japan
Al-Arabi,https://en.wikipedia.org/wiki/Al-Arabi_(Irbid),Jordan
Al-Faisaly,https://en.wikipedia.org/wiki/Al-Faisaly_SC,Jordan
Al-Hussein,https://en.wikipedia.org/wiki/Al-Hussein_SC_(Irbid),Jordan
Al-Jazeera,,Jordan
Al-Jazeera,https://en.wikipedia.org/wiki/Al-Jazeera_(Amman),Jordan
Al-Ramtha,https://en.wikipedia.org/wiki/Al-Ramtha_SC,Jordan
Al-Wehdat,https://en.wikipedia.org/wiki/Al-Wehdat_SC,Jordan
Al-Wehdat SC,https://en.wikipedia.org/wiki/Al-Wehdat_SC,Jordan
Amman FC,https://en.wikipedia.org/wiki/Amman_FC,Jordan
Jordan Knights,https://en.wikipedia.org/wiki/Jordan_Knights_FC,Jordan
Shabab Al-Ordon,https://en.wikipedia.org/wiki/Shabab_Al-Ordon_Club,Jordan
Shabab Al-Ordon,https://en.wikipedia.org/wiki/Shabab_Al-Ordon,Jordan
That Ras,,Jordan
SB Waltzing-Bonnert,,Luxembourg
CF Pachuca,,Mexico
Pobablo Miguel Alemán FC,,Mexico
Xidoo,,Mexico
Académie Lakhlej Foot,,Morocco
CH Khadija,,Morocco
KACM,https://en.wikipedia.org/wiki/KAC_Marrakech,Morocco
Mohammed VI Academy,https://en.wikipedia.org/wiki/Mohammed_VI_Football_Academy,Morocco
Raja CA,https://en.wikipedia.org/wiki/Raja_CA,Morocco
Wydad Casablanca,https://en.wikipedia.org/wiki/Wydad_AC,Morocco
A.V.V. Zeeburgia,https://en.wikipedia.org/wiki/A.V.V._Zeeburgia,Netherlands
ADO Den Haag,https://en.wikipedia.org/wiki/ADO_Den_Haag,Netherlands
AFC,https://en.wikipedia.org/wiki/Amsterdamsche_FC,Netherlands
ASC Waterwijk,,Netherlands
AVV Alphen,,Netherlands
AZ,https://en.wikipedia.org/wiki/AZ_Alkmaar,Netherlands
Ajax,https://en.wikipedia.org/wiki/AFC_Ajax,Netherlands
Ajax,https://en.wikipedia.org/wiki/Ajax_Youth_Academy,Netherlands
Almere City,https://en.wikipedia.org/wiki/Almere_City_FC,Netherlands
Alphense Boys,https://en.wikipedia.org/wiki/Alphense_Boys,Netherlands
Always Forward,,Netherlands
Amsterdamsche FC,https://en.wikipedia.org/wiki/Amsterdamsche_FC,Netherlands
Dordrecht,https://en.wikipedia.org/wiki/FC_Dordrecht,Netherlands
EDO,https://en.wikipedia.org/wiki/HFC_EDO,Netherlands
Eindhoven,https://en.wikipedia.org/wiki/FC_Eindhoven,Netherlands
Emmen,https://en.wikipedia.org/wiki/VV%20Emmen,Netherlands
Emmen,https://en.wikipedia.org/wiki/FC_Emmen,Netherlands
Excelsior,https://en.wikipedia.org/wiki/Excelsior_Rotterdam,Netherlands
Excelsior,https://en.wikipedia.org/wiki/SBV_Excelsior,Netherlands
FC Omniworld,https://en.wikipedia.org/wiki/Almere_City_FC,Netherlands
Feyenoord,https://en.wikipedia.org/wiki/Feyenoord,Netherlands
Feyenoord Rotterdam,https://en.wikipedia.org/wiki/Feyenoord_Rotterdam,Netherlands
Flyings,,Netherlands
GRC Groningen,,Netherlands
Groningen,https://en.wikipedia.org/wiki/FC_Groningen,Netherlands
HSV De Zuidvogels,https://en.wikipedia.org/wiki/HSV_De_Zuidvogels,Netherlands
HSV Sport 1889,,Netherlands
JVOZ,https://en.wikipedia.org/wiki/JVOZ,Netherlands
LSV,,Netherlands
NAC Breda,https://en.wikipedia.org/wiki/NAC_Breda,Netherlands
NEC,https://en.wikipedia.org/wiki/N.E.C._(football_club),Netherlands
NEC,https://en.wikipedia.org/wiki/NEC_Nijmegen,Netherlands
ODC,,Netherlands
Olympia Haarlem,,Netherlands
PEC Zwolle,https://en.wikipedia.org/wiki/PEC_Zwolle,Netherlands
PSV,https://en.wikipedia.org/wiki/PSV_Eindhoven,Netherlands
PSV Eindhoven,https://en.wikipedia.org/wiki/PSV_Eindhoven,Netherlands
Smitshoek,https://en.wikipedia.org/wiki/VV_Smitshoek,Netherlands
Sparta,https://en.wikipedia.org/wiki/Sparta_Rotterdam,Netherlands
Sparta Rotterdam,https://en.wikipedia.org/wiki/Sparta_Rotterdam,Netherlands
Spartaan '20,https://en.wikipedia.org/wiki/Spartaan%2720,Netherlands
Stormvogels,,Netherlands
Twente,https://en.wikipedia.org/wiki/FC_Twente,Netherlands
USV Elinkwijk,https://en.wikipedia.org/wiki/USV_Elinkwijk,Netherlands
Utrecht,https://en.wikipedia.org/wiki/FC_Utrecht,Netherlands
VV Goes,https://en.wikipedia.org/wiki/VV_Goes,Netherlands
Vitesse,https://en.wikipedia.org/wiki/SBV_Vitesse,Netherlands
Volendam,https://en.wikipedia.org/wiki/FC_Volendam,Netherlands
WDS '19,,Netherlands
WSV '30,,Netherlands
WVF Zwolle,,Netherlands
Willem II,https://en.wikipedia.org/wiki/Willem_II_(football_club),Netherlands
Willem II,https://en.wikipedia.org/wiki/Willem_II_Tilburg,Netherlands
Zwaluwen '30,https://en.wikipedia.org/wiki/Zwaluwen_'30,Netherlands
Auckland City,https://en.wikipedia.org/wiki/Auckland_City_FC,New Zealand
Cambridge,https://en.wikipedia.org/wiki/Cambridge_FC,New Zealand
East Coast Bays,https://en.wikipedia.org/wiki/East_Coast_Bays_AFC,New Zealand
Epsom Eagles,,New Zealand
Ferrymead Bays,https://en.wikipedia.org/wiki/Ferrymead_Bays,New Zealand
Forrest Hill Milford United,https://en.wikipedia.org/wiki/Forrest_Hill_Milford_United_A.F.C.,New Zealand
Greenhithe,https://en.wikipedia.org/wiki/Greenhithe_Catimba,New Zealand
Island Bay United,https://en.wikipedia.org/wiki/Island_Bay_United,New Zealand
Miramar Rangers,https://en.wikipedia.org/wiki/Miramar_Rangers_AFC,New Zealand
Mount Maunganui Junior FC,,New Zealand
Nomads United,https://en.wikipedia.org/wiki/Nomads_United,New Zealand
Onehunga Sports,https://en.wikipedia.org/wiki/Onehunga_Sports,New Zealand
Papatoetoe,https://en.wikipedia.org/wiki/Papatoetoe_AFC,New Zealand
Selwyn United,https://en.wikipedia.org/wiki/Selwyn_United,New Zealand
Stokes Valley,https://en.wikipedia.org/wiki/Stokes_Valley_FC,New Zealand
Three Kings United,https://en.wikipedia.org/wiki/Three_Kings_United,New Zealand
Wellington Phoenix,https://en.wikipedia.org/wiki/Wellington_Phoenix_FC,New Zealand
Western Suburbs,https://en.wikipedia.org/wiki/Western_Suburbs_FC_(New_Zealand),New Zealand
Asker,https://en.wikipedia.org/wiki/Asker_Fotball,Norway
Asker Fotball,https://en.wikipedia.org/wiki/Asker_Fotball,Norway
Astor,,Norway
Bergen Nord,https://en.wikipedia.org/wiki/Bergen_Nord_FK,Norway
Bodø/Glimt,https://en.wikipedia.org/wiki/FK_Bodø/Glimt,Norway
Bryne,https://en.wikipedia.org/wiki/Bryne_FK,Norway
Drammen Strong,,Norway
FK Bergen Nord,https://en.wikipedia.org/wiki/FK_Bergen_Nord,Norway
Flint,https://en.wikipedia.org/wiki/IL_Flint,Norway
Ganddal IL,,Norway
Hareid,https://en.wikipedia.org/wiki/Hareid_IL,Norway
Kvik Halden,https://en.wikipedia.org/wiki/Kvik_Halden_FK,Norway
Langhus,https://en.wikipedia.org/wiki/Langhus_IL,Norway
Lillestrøm,https://en.wikipedia.org/wiki/Lillestrøm_SK,Norway
Lyn,https://en.wikipedia.org/wiki/Lyn_Fotball,Norway
Lyngdal IL,https://en.wikipedia.org/wiki/Lyngdal_IL,Norway
Mork IL,,Norway
Norwegian club Hønefoss,,Norway
Rosenborg,https://en.wikipedia.org/wiki/Rosenborg_BK,Norway
Rosenborg BK,https://en.wikipedia.org/wiki/Rosenborg_BK,Norway
Rælingen,https://en.wikipedia.org/wiki/Rælingen_FK,Norway
Sandefjord,https://en.wikipedia.org/wiki/Sandefjord_Fotball,Norway
Sarpsborg 08,https://en.wikipedia.org/wiki/Sarpsborg_08_FF,Norway
Stabæk,https://en.wikipedia.org/wiki/Stabæk_Fotball,Norway
Strindheim,https://en.wikipedia.org/wiki/Strindheim,Norway
Strindheim IL,https://en.wikipedia.org/wiki/Strindheim_IL,Norway
Strømsgodset,https://en.wikipedia.org/wiki/Strømsgodset_Toppfotball,Norway
Tromsdalen,https://en.wikipedia.org/wiki/Tromsdalen_UIL,Norway
Viking,https://en.wikipedia.org/wiki/Viking_FK,Norway
Vålerenga,https://en.wikipedia.org/wiki/Vålerenga_Fotball,Norway
Åndalsnes IF,https://en.wikipedia.org/wiki/%C3%85ndalsnes_IF,Norway
CA Independiente,https://en.wikipedia.org/wiki/C.A._Independiente_de_La_Chorrera,Panama
Chorrillo,https://en.wikipedia.org/wiki/Chorrillo_F.C.,Panama
Chorrillo,https://en.wikipedia.org/wiki/Unión_Deportivo_Universitario,Panama
Independiente,https://en.wikipedia.org/wiki/C.A._Independiente_de_La_Chorrera,Panama
Río Abajo,https://en.wikipedia.org/wiki/Río_Abajo_F.C.,Panama
San Francisco,,Panama
San Francisco,https://en.wikipedia.org/wiki/San_Francisco_F.C.,Panama
San Francisco FC,https://en.wikipedia.org/wiki/San_Francisco_F.C.,Panama
Sporting San Miguelito,https://en.wikipedia.org/wiki/Sporting_San_Miguelito,Panama
Tauro,https://en.wikipedia.org/wiki/Tauro_F.C.,Panama
Árabe Unido,https://en.wikipedia.org/wiki/C.D._Árabe_Unido,Panama
CS San Lorenzo,https://en.wikipedia.org/wiki/Club_Sportivo_San_Lorenzo,Paraguay
Cerro Porteño,https://en.wikipedia.org/wiki/Cerro_Porteño,Paraguay
Club 13 de Junio,,Paraguay
Club 24 de Junio,,Paraguay
Club Libertad,,Paraguay
Club Nacional,https://en.wikipedia.org/wiki/Club_Nacional,Paraguay
Club Olimpia,https://en.wikipedia.org/wiki/Club_Olimpia,Paraguay
Guaraní,https://en.wikipedia.org/wiki/Club_Guaraní,Paraguay
La Blanca Subur,,Paraguay
Libertad,https://en.wikipedia.org/wiki/Club_Libertad,Paraguay
Olimpia,https://en.wikipedia.org/wiki/Club_Olimpia,Paraguay
Andorinha,https://en.wikipedia.org/wiki/CF_Andorinha,Portugal
Arrentela [ citation needed ],https://en.wikipedia.org/wiki/A.C._Arrentela,Portugal
Barreirense,https://en.wikipedia.org/wiki/F.C._Barreirense,Portugal
Belenenses,https://en.wikipedia.org/wiki/C.F._Os_Belenenses,Portugal
Benfica,https://en.wikipedia.org/wiki/S.L._Benfica_(youth),Portugal
Benfica,https://en.wikipedia.org/wiki/S.L._Benfica,Portugal
Boavista,https://en.wikipedia.org/wiki/Boavista_F.C.,Portugal
Braga,https://en.wikipedia.org/wiki/S.C._Braga,Portugal
CB Albufeira,,Portugal
CB Póvoa Lanhoso,,Portugal
Casa Benfica Tavira,,Portugal
Desportivo das Aves,https://en.wikipedia.org/wiki/Clube_Desportivo_das_Aves,Portugal
Estoril,https://en.wikipedia.org/wiki/G.D._Estoril_Praia,Portugal
Estrela Amadora,https://en.wikipedia.org/wiki/C.F._Estrela_da_Amadora,Portugal
Estrela da Amadora,https://en.wikipedia.org/wiki/C.F._Estrela_da_Amadora,Portugal
Infesta,https://en.wikipedia.org/wiki/F.C._Infesta,Portugal
Nacional,https://en.wikipedia.org/wiki/C.D._Nacional,Portugal
Olivais,https://en.wikipedia.org/wiki/S.L._Olivais_(futsal),Portugal
Operário Famalicão,,Portugal
Os Pestinhas,,Portugal
Palmeiras Braga,,Portugal
Perspectiva em Jogo,,Portugal
Porto,https://en.wikipedia.org/wiki/FC_Porto_Juniors,Portugal
Porto,https://en.wikipedia.org/wiki/FC_Porto_(youth),Portugal
Porto,https://en.wikipedia.org/wiki/FC_Porto,Portugal
Póvoa Lanhoso,,Portugal
Real Massamá,https://en.wikipedia.org/wiki/Real_S.C.,Portugal
Real SC,https://en.wikipedia.org/wiki/Real_S.C.,Portugal
SG Sacavenense,https://en.wikipedia.org/wiki/SG_Sacavenense,Portugal
Santa Clara,,Portugal
Sporting,https://en.wikipedia.org/wiki/Sporting_CP,Portugal
Sporting CP,https://en.wikipedia.org/wiki/Sporting_CP,Portugal
Sporting CP,https://en.wikipedia.org/wiki/Sporting_CP_Youth_Academy,Portugal
Sporting CP,https://en.wikipedia.org/wiki/Sporting_CP_(youth),Portugal
União Leiria,https://en.wikipedia.org/wiki/U.D._Leiria,Portugal
Vianense,https://en.wikipedia.org/wiki/SC_Vianense,Portugal
Vitória Setúbal,https://en.wikipedia.org/wiki/Vitória_F.C.,Portugal
Al Markhiya,https://en.wikipedia.org/wiki/Al-Markhiya_SC,Qatar
Al Sadd,https://en.wikipedia.org/wiki/Al_Sadd_SC,Qatar
Al-Arabi,https://en.wikipedia.org/wiki/Al-Arabi_SC_(Qatar),Qatar
Al-Gharafa,https://en.wikipedia.org/wiki/Al-Gharafa_SC,Qatar
Al-Sadd,https://en.wikipedia.org/wiki/Al-Sadd_Sports_Club,Qatar
Aspire Academy,https://en.wikipedia.org/wiki/Aspire_Academy,Qatar
HFC Hoei,,Qatar
Mem Martins,,Qatar
Al Hilal,https://en.wikipedia.org/wiki/Al_Hilal_SFC,Saudi Arabia
Al-Ahli,https://en.wikipedia.org/wiki/Al-Ahli_Saudi_FC,Saudi Arabia
Al-Ettifaq,https://en.wikipedia.org/wiki/Al-Ettifaq,Saudi Arabia
Al-Fateh,https://en.wikipedia.org/wiki/Al-Fateh_SC,Saudi Arabia
Al-Hilal,https://en.wikipedia.org/wiki/Al_Hilal_SFC,Saudi Arabia
Al-Ittihad,https://en.wikipedia.org/wiki/Al-Ittihad_Club_(Jeddah),Saudi Arabia
Al-Ittihad,https://en.wikipedia.org/wiki/Al-Ittihad_(Jeddah),Saudi Arabia
Al-Nassr,https://en.wikipedia.org/wiki/Al-Nassr_FC,Saudi Arabia
Al-Qadsiah,https://en.wikipedia.org/wiki/Al-Qadsiah_FC,Saudi Arabia
Al-Shabab,https://en.wikipedia.org/wiki/Al-Shabab_FC_(Riyadh),Saudi Arabia
Wej,https://en.wikipedia.org/wiki/Wej_SC,Saudi Arabia
Aberdeen,https://en.wikipedia.org/wiki/Aberdeen_F.C._Under-20s_and_Academy,Scotland
Ayr United FC,,Scotland
Celtic,https://en.wikipedia.org/wiki/Celtic_F.C._Under-20s_and_Academy,Scotland
Celtic,https://en.wikipedia.org/wiki/Celtic_F.C._B_Team_and_Academy,Scotland
Celtic FC,,Scotland
Dalry Rovers FC,,Scotland
Dundee United,https://en.wikipedia.org/wiki/Dundee_United_F.C.,Scotland
Hamilton Academical,https://en.wikipedia.org/wiki/Hamilton_Academical_F.C._Reserves_and_Academy,Scotland
Heart of Midlothian,https://en.wikipedia.org/wiki/Heart_of_Midlothian_F.C._Under-20s_and_Academy,Scotland
Inverness Caledonian Thistle,https://en.wikipedia.org/wiki/Inverness_Caledonian_Thistle_F.C.,Scotland
Queen's Park,https://en.wikipedia.org/wiki/Queen's_Park_F.C.,Scotland
Rangers,https://en.wikipedia.org/wiki/Rangers_F.C._Under-20s_and_Academy,Scotland
St Mirren,https://en.wikipedia.org/wiki/St_Mirren_F.C.,Scotland
St. Mirren FC,https://en.wikipedia.org/wiki/St._Mirren_FC,Scotland
A.S.C. Tiléne,,Senegal
AMCS Comines,,Senegal
BC Bliesheim,,Senegal
Blanc-Mesnil SF,,Senegal
CS Municipaux Le Havre,,Senegal
Diambars FC,https://en.wikipedia.org/wiki/Diambars_FC,Senegal
ES Guyancourt,,Senegal
Galaxy Football,,Senegal
Galaxy Football Academy,,Senegal
Génération Foot,https://en.wikipedia.org/wiki/Génération_Foot,Senegal
Le Havre Caucriauville,,Senegal
Santhiaba Zinguinchor,,Senegal
Augusto Palacios Apprentice,,South Africa
Baroka,https://en.wikipedia.org/wiki/Baroka_F.C.,South Africa
Florida Park High School,,South Africa
Island Rovers AFC,,South Africa
JDR Stars,https://en.wikipedia.org/wiki/JDR_Stars_F.C.,South Africa
KZN Academy,,South Africa
Kenpark United,,South Africa
Kwamashu Arsenal,,South Africa
Makhasa F.C.,,South Africa
Mangasuthu University of Technology,https://en.wikipedia.org/wiki/Mangosuthu_University_of_Technology,South Africa
Orlando Pirates,https://en.wikipedia.org/wiki/Orlando_Pirates,South Africa
School of Excellence,,South Africa
Shatterprufe Rovers,,South Africa
Stellenbosch,https://en.wikipedia.org/wiki/Stellenbosch_F.C.,South Africa
SuperSport United,https://en.wikipedia.org/wiki/SuperSport_United_F.C.,South Africa
Transnet School of Excellence,,South Africa
Daejeon Citizen [ note 1 ],https://en.wikipedia.org/wiki/Daejeon_Hana_Citizen,South Korea
Dongbuk Middle School,,South Korea
FC Persimmon,,South Korea
FC Seoul [ note 1 ],https://en.wikipedia.org/wiki/FC_Seoul,South Korea
FC Seoul academy,https://en.wikipedia.org/wiki/FC_Seoul_Reserves_and_Academy,South Korea
Incheon United,https://en.wikipedia.org/wiki/Incheon_United_FC,South Korea
Pohang Steelers [ note 1 ],https://en.wikipedia.org/wiki/Pohang_Steelers,South Korea
Seoul Daedong Elementary School,,South Korea
Suwon Samsung Bluewings [ note 1 ],https://en.wikipedia.org/wiki/Suwon_Samsung_Bluewings,South Korea
Suwon Technical High School,,South Korea
Ulsan Hyundai,https://en.wikipedia.org/wiki/Ulsan_Hyundai_FC,South Korea
Ulsan Hyundai,https://en.wikipedia.org/wiki/Ulsan_HD_FC,South Korea
Ulsan Hyundai [ note 1 ],https://en.wikipedia.org/wiki/Ulsan_Hyundai_FC,South Korea
Yukminkwan Middle School,,South Korea
? Eibar (loan),https://en.wikipedia.org/wiki/SD_Eibar,Spain
? Sevilla (loan),https://en.wikipedia.org/wiki/Sevilla_FC_(youth),Spain
Amigó,https://en.wikipedia.org/wiki/CD_Amigó,Spain
Athletic Bilbao,https://en.wikipedia.org/wiki/Athletic_Bilbao_cantera,Spain
Atlético Huila,https://en.wikipedia.org/wiki/Atlético_Huila,Spain
Atlético Madrid,https://en.wikipedia.org/wiki/Atlético_Madrid_(youth),Spain
Atlético Madrid,https://en.wikipedia.org/wiki/Atlético_Madrid,Spain
Atlético Rafal,,Spain
Aurrerá Vitoria,https://en.wikipedia.org/wiki/CD_Aurrerá_de_Vitoria,Spain
Barcelona,https://en.wikipedia.org/wiki/FC_Barcelona,Spain
Barcelona,https://en.wikipedia.org/wiki/FC_Barcelona_(youth),Spain
Barcelona,https://en.wikipedia.org/wiki/La_Masia,Spain
Betis,https://en.wikipedia.org/wiki/Real_Betis_Cantera,Spain
CA Osasuna,https://en.wikipedia.org/wiki/CA_Osasuna,Spain
CD Amigó,https://en.wikipedia.org/wiki/CD_Amig%C3%B3,Spain
CD San Juan,,Spain
CF La Nucía,https://en.wikipedia.org/wiki/CF_La_Nuc%C3%ADa,Spain
Colonia Ofigevi,https://en.wikipedia.org/wiki/CD_Colonia_Ofigevi,Spain
Condal,https://en.wikipedia.org/wiki/Condal_CF,Spain
Despertar,,Spain
Espanyol,https://en.wikipedia.org/wiki/RCD_Espanyol_cantera,Spain
Espanyol,https://en.wikipedia.org/wiki/RCD_Espanyol,Spain
FCB Escola Fukuoka,https://en.wikipedia.org/wiki/FC_Barcelona,Spain
Gimnástico Don Benito,,Spain
Girona,https://en.wikipedia.org/wiki/Girona_FC,Spain
La Liara Balompié,,Spain
La Torreta,,Spain
Laguna,https://en.wikipedia.org/wiki/CD_Laguna_de_Tenerife,Spain
Las Palmas,https://en.wikipedia.org/wiki/UD_Las_Palmas,Spain
Las Rozas,https://en.wikipedia.org/wiki/Las_Rozas_CF,Spain
Mallorca,https://en.wikipedia.org/wiki/RCD_Mallorca,Spain
Mujer Trabajadora,,Spain
Málaga,https://en.wikipedia.org/wiki/Málaga_CF,Spain
Nazarenos,,Spain
Nueva Roceña,,Spain
Oviedo,https://en.wikipedia.org/wiki/Real_Oviedo,Spain
Pamplona,https://en.wikipedia.org/wiki/CD_Pamplona,Spain
Rayo Majadahonda,https://en.wikipedia.org/wiki/CF_Rayo_Majadahonda,Spain
Rayo Vallecano,https://en.wikipedia.org/wiki/Rayo_Vallecano,Spain
Real Madrid,https://en.wikipedia.org/wiki/Real_Madrid_CF_(youth),Spain
Real Madrid,https://en.wikipedia.org/wiki/Real_Madrid_CF,Spain
Real Sociedad,https://en.wikipedia.org/wiki/Real_Sociedad_Cantera,Spain
Roquetas,https://en.wikipedia.org/wiki/CD_Roquetas,Spain
Santa Terrassa CD,,Spain
Sporting Gijón,https://en.wikipedia.org/wiki/Sporting_de_Gijón,Spain
Tegueste,https://en.wikipedia.org/wiki/UD_Tegueste,Spain
Tenerife,https://en.wikipedia.org/wiki/CD_Tenerife,Spain
Valencia,https://en.wikipedia.org/wiki/Valencia_CF,Spain
Valencia,https://en.wikipedia.org/wiki/Valencia_CF_(youth),Spain
Villarreal,https://en.wikipedia.org/wiki/Villarreal_CF,Spain
Xerez,https://en.wikipedia.org/wiki/Xerez_CD,Spain
AIK,https://en.wikipedia.org/wiki/AIK_Fotboll,Sweden
BK Vången,https://en.wikipedia.org/wiki/Oxie_IF,Sweden
Djurgårdens IF,https://en.wikipedia.org/wiki/Djurgårdens_IF_Fotboll,Sweden
Eskilstuna City,https://en.wikipedia.org/wiki/Eskilstuna_City_FK,Sweden
FC Djursholm,,Sweden
FC Malmö,,Sweden
Halmstads BK,https://en.wikipedia.org/wiki/Halmstads_BK,Sweden
Hammarby IF,https://en.wikipedia.org/wiki/Hammarby_Fotboll,Sweden
Husqvarna FF,https://en.wikipedia.org/wiki/Husqvarna_FF,Sweden
IF Brommapojkarna,https://en.wikipedia.org/wiki/IF_Brommapojkarna,Sweden
IF Elfsborg,https://en.wikipedia.org/wiki/IF_Elfsborg,Sweden
IF Limhamn Bunkeflo,https://en.wikipedia.org/wiki/IF_Limhamn_Bunkeflo_(men),Sweden
IFK Aspudden-Tellus [ a ],https://en.wikipedia.org/wiki/IFK_Aspudden-Tellus,Sweden
IFK Göteborg,https://en.wikipedia.org/wiki/IFK_Göteborg,Sweden
IFK Lidingö,https://en.wikipedia.org/wiki/IFK_Lidingö_Fotboll,Sweden
IFK Stocksund,https://en.wikipedia.org/wiki/IFK_Stocksund,Sweden
IFK Öxnehaga,https://en.wikipedia.org/wiki/IFK_Öxnehaga,Sweden
IK Oddevold,https://en.wikipedia.org/wiki/IK_Oddevold,Sweden
Jonsereds IF,https://en.wikipedia.org/wiki/Jonsereds_IF,Sweden
Kista SC,,Sweden
Malmö FF,https://en.wikipedia.org/wiki/Malmö_FF,Sweden
Motala AIF,https://en.wikipedia.org/wiki/Motala_AIF,Sweden
Partille IF,https://en.wikipedia.org/wiki/Partille_IF,Sweden
Råsunda,https://en.wikipedia.org/wiki/Råsunda_IS,Sweden
Snöstorp Nyhem FF,https://en.wikipedia.org/wiki/Sn%C3%B6storp_Nyhem_FF,Sweden
Utbynäs SK,,Sweden
Västerås SK,https://en.wikipedia.org/wiki/Västerås_SK_Fotboll,Sweden
Aarau,https://en.wikipedia.org/wiki/FC_Aarau,Switzerland
BC Albisrieden,,Switzerland
Baden,https://en.wikipedia.org/wiki/FC_Baden,Switzerland
Basel,https://en.wikipedia.org/wiki/FC_Basel,Switzerland
Concordia Basel,https://en.wikipedia.org/wiki/FC_Concordia_Basel,Switzerland
FC Adligenswil,,Switzerland
FC Amical Saint-Prex,,Switzerland
FC Bursins-Rolle-Perroy,,Switzerland
FC Greifensee,,Switzerland
FC Heitenried,,Switzerland
FC La Côte-Sports,,Switzerland
FC Lausanne-Sport,https://en.wikipedia.org/wiki/FC_Lausanne-Sport,Switzerland
FC Schwamendingen,,Switzerland
FC Stade Nyonnais,https://en.wikipedia.org/wiki/FC_Stade_Nyonnais,Switzerland
FC Wiesendangen,,Switzerland
FC Winterthur,https://en.wikipedia.org/wiki/FC_Winterthur,Switzerland
Grasshoppers,https://en.wikipedia.org/wiki/Grasshopper_Club_Zürich,Switzerland
Hinwil,,Switzerland
Koppiger SV,,Switzerland
Kriens,https://en.wikipedia.org/wiki/SC_Kriens,Switzerland
Luzern,https://en.wikipedia.org/wiki/FC_Luzern,Switzerland
Nordstern,https://en.wikipedia.org/wiki/FC_Nordstern_Basel,Switzerland
Old Boys,https://en.wikipedia.org/wiki/BSC_Old_Boys,Switzerland
SV Würenlos,,Switzerland
Servette,https://en.wikipedia.org/wiki/Servette_FC,Switzerland
Solothurn,https://en.wikipedia.org/wiki/FC_Solothurn,Switzerland
Winterthur,https://en.wikipedia.org/wiki/FC_Winterthur,Switzerland
Young Boys,https://en.wikipedia.org/wiki/BSC_Young_Boys,Switzerland
Zürich,https://en.wikipedia.org/wiki/FC_Zürich,Switzerland
AS Degache,https://en.wikipedia.org/wiki/Degache,Tunisia
AS Outre-Mer du Bois l'Abbé,,Tunisia
BK Vestia,,Tunisia
CO Médenine,https://en.wikipedia.org/wiki/CO_Médenine,Tunisia
Champigny FC 94,,Tunisia
Club Sportif Sfaxien,https://en.wikipedia.org/wiki/Club_Sportif_Sfaxien,Tunisia
ES Le Cannet-Rocheville,,Tunisia
ESV Einigkeit Wilhelmsburg,,Tunisia
Espérance de Tunis,https://en.wikipedia.org/wiki/Espérance_Sportive_de_Tunis,Tunisia
Gallia Club Lunel,,Tunisia
Niendorfer TSV,,Tunisia
SV Wilhelmsburg,,Tunisia
Sfax RS,https://en.wikipedia.org/wiki/Sfax_RS,Tunisia
1461 Trabzon,https://en.wikipedia.org/wiki/1461_Trabzon,Türkiye
Boluspor,https://en.wikipedia.org/wiki/Boluspor,Türkiye
Bucaspor,https://en.wikipedia.org/wiki/Bucaspor,Türkiye
Bursaspor,https://en.wikipedia.org/wiki/Bursaspor,Türkiye
FC Türkiye Wilhelmsburg,,Türkiye
Fenerbahçe,https://en.wikipedia.org/wiki/Fenerbahçe_S.K._Academy,Türkiye
Fenerbahçe,https://en.wikipedia.org/wiki/Fenerbahçe_S.K._(football),Türkiye
Galatasaray,https://en.wikipedia.org/wiki/Galatasaray_S.K._(football),Türkiye
Gençlerbirligi,https://en.wikipedia.org/wiki/Gençlerbirligi,Türkiye
Gölcükspor,https://en.wikipedia.org/wiki/Gölcükspor,Türkiye
Istanbul Basaksehir,https://en.wikipedia.org/wiki/Istanbul_Basaksehir_F.K.,Türkiye
Karamürsel Idmanyurduspor,,Türkiye
Kartalspor,https://en.wikipedia.org/wiki/Kartal_S.K.,Türkiye
Konyaspor,https://en.wikipedia.org/wiki/Konyaspor,Türkiye
Rize Il Özel Idarespor,,Türkiye
Trabzonspor,https://en.wikipedia.org/wiki/Trabzonspor,Türkiye
Yesil Bursa,,Türkiye
İstanbul Başakşehir,https://en.wikipedia.org/wiki/İstanbul_Başakşehir_F.K.,Türkiye
Blau-Weiss Gottschee,,United States
CO Vincennes,https://en.wikipedia.org/wiki/Covid_Tennessee,United States
Chicago Fire,https://en.wikipedia.org/wiki/Chicago_Fire_FC,United States
Columbus Crew,https://en.wikipedia.org/wiki/Columbus_Crew,United States
DME Academy,https://en.wikipedia.org/wiki/DME_Academy,United States
Evolution Soccer Academy,,United States
FC Boston Bolts,https://en.wikipedia.org/wiki/Boston_Bolts_(USL),United States
FC Dallas,https://en.wikipedia.org/wiki/FC_Dallas,United States
FC Phönix Otterbach,,United States
Fútbol Paz,https://en.wikipedia.org/wiki/F%C3%BAtbol_Americano_de_M%C3%A9xico,United States
GPS Academy,,United States
LA Galaxy II,https://en.wikipedia.org/wiki/LA_Galaxy_II,United States
Los Angeles FC,https://en.wikipedia.org/wiki/Los_Angeles_FC,United States
Miami United,https://en.wikipedia.org/wiki/Miami_United_FC,United States
Michigan Rush,,United States
New England Revolution,https://en.wikipedia.org/wiki/New_England_Revolution,United States
New York City,https://en.wikipedia.org/wiki/New_York_City_FC,United States
New York City FC,https://en.wikipedia.org/wiki/New_York_City_FC,United States
New York Red Bulls,https://en.wikipedia.org/wiki/New_York_Red_Bulls,United States
Orlando City,https://en.wikipedia.org/wiki/Orlando_City_SC,United States
PA Classics,,United States
Philadelphia Union,https://en.wikipedia.org/wiki/Philadelphia_Union,United States
Real Colorado,,United States
SK Policka,https://en.wikipedia.org/wiki/Alex_Skolnick,United States
Shawnee Renegades,https://en.wikipedia.org/wiki/Shawnee_High_School_(New_Jersey),United States
Sporting Kansas City,https://en.wikipedia.org/wiki/Sporting_Kansas_City,United States
St. Joseph's Regional High School,https://en.wikipedia.org/wiki/St._Joseph_Regional_High_School,United States
St. Louis Scott Gallagher,https://en.wikipedia.org/wiki/St._Louis_Scott_Gallagher_Soccer_Club,United States
Texans SC Houston,,United States
US Goyave,https://en.wikipedia.org/wiki/US_Goverment,United States
West Pines United,,United States
Weston FC,https://en.wikipedia.org/wiki/Weston_FC,United States
Club Unión de Empalme Olmos,,Uruguay
Club Uruguay,,Uruguay
Estudiantes de la Unión,,Uruguay
Fénix,https://en.wikipedia.org/wiki/Centro_Atlético_Fénix,Uruguay
Juventud de Las Piedras,https://en.wikipedia.org/wiki/Juventud_de_Las_Piedras,Uruguay
La Luz,,Uruguay
Liverpool Montevideo,https://en.wikipedia.org/wiki/Liverpool_F.C._(Montevideo),Uruguay
Montevideo Wanderers,https://en.wikipedia.org/wiki/Montevideo_Wanderers_F.C.,Uruguay
Nacional,https://en.wikipedia.org/wiki/Club_Nacional_de_Football,Uruguay
Peñarol,https://en.wikipedia.org/wiki/Peñarol,Uruguay
San Miguel,,Uruguay
Bunyodkor,https://en.wikipedia.org/wiki/FC_Bunyodkor,Uzbekistan
Bunyodkor,https://en.wikipedia.org/wiki/Bunyodkor,Uzbekistan
Bunyodkor-2,https://en.wikipedia.org/wiki/FC_Bunyodkor-2,Uzbekistan
Mash'al Mubarek,https://en.wikipedia.org/wiki/FK_Mash'al_Mubarek,Uzbekistan
Mash'al Mubarek,https://en.wikipedia.org/wiki/Mash%27al_Mubarek,Uzbekistan
Nasaf,https://en.wikipedia.org/wiki/FC_Nasaf,Uzbekistan
Nasaf,https://en.wikipedia.org/wiki/Nasaf_Qarshi,Uzbekistan
Nasaf,https://en.wikipedia.org/wiki/Nasaf,Uzbekistan
Navoi,,Uzbekistan
Pakhtakor,https://en.wikipedia.org/wiki/Pakhtakor_Tashkent_FK,Uzbekistan
Pakhtakor Tashkent,https://en.wikipedia.org/wiki/Pakhtakor_Tashkent,Uzbekistan
Pakhtakor-2,https://en.wikipedia.org/wiki/Pakhtakor-2,Uzbekistan
Pakhtakor-2,https://en.wikipedia.org/wiki/FC_Pakhtakor-2,Uzbekistan
RKOR Tashkent,,Uzbekistan
Marconi Stallions,https://en.wikipedia.org/wiki/Marconi_Stallions_FC,Wales
Mt Druitt Town Rangers,https://en.wikipedia.org/wiki/Mt_Druitt_Town_Rangers_FC,Wales
